Mes,Conversiones Shopify,Conversiones Reales,% Compras Perdidas,Ingresos Shopify,Ingresos Reales,% Ingresos Reales,Compras Perdidas,Ingresos Perdidos
Febrero,52,23,56%,"$1,848",$672,36%,29,"$1,176"
Marzo,123,75,39%,"$2,820","$1,589",56%,48,"$1,231"
Abril,200,105,48%,"$6,544","$2,937",45%,95,"$3,607"
Mayo,229,159,31%,"$7,368","$4,348",59%,70,"$3,020"
Junio,244,167,32%,"$7,174","$4,419",62%,77,"$2,755"
Julio,309,199,36%,"$9,418","$5,316",56%,110,"$4,102"
Agosto,316,165,48%,"$9,572","$4,131",43%,151,"$5,441"
Septiembre,320,182,43%,"$9,892","$4,598",46%,138,"$5,294"
Octubre,318,200,37%,"$9,630","$5,059",53%,118,"$4,571"
Noviembre,495,227,54%,"$16,470","$7,602",46%,268,"$8,868"
Diciembre,332,211,36%,"$12,686","$6,955",55%,121,"$5,731"
Enero,493,199,60%,"$17,791","$6,307",35%,294,"$11,484"
Febrero,520,260,50%,"$16,685","$7,162",43%,260,"$9,523"
Marzo,468,275,41%,"$13,748","$7,887",57%,193,"$5,861"
abril,217,253,-17%,"$6,711","$3,906",58%,-36,"$2,805"
mayo,346,182,47%,"$13,670","$6,423",47%,164,"$7,247"
junio,276,170,38%,"$10,406","$6,390",61%,106,"$4,016"
julio,343,126,63%,"$12,370","$4,159",34%,217,"$8,211"
agosto,280,114,59%,"$10,144","$3,831",38%,166,"$6,313"